A1	ayn	edler	herr	-	was	zu	metz	gesessen	alexander	also	was	er	genant	sein	lob	stundtt	weidt	gemessen	sein	weib	dye	was	so	wol	er	kannt	groß	zucht	vnd	ere	gunde	man	von	ir	sagen	eins	mals	pflag	er	mit	ir	der	liben	zeit	vnd	sprach	-	fraw	merckent	-	eben	hin	weg	wil	ich	reiten	dar	vmb	solt	ir	mir	vrlob	geben	mir	stadt	mein	syn	hyn	zu	dem	heilgen	grabe	dye	fraue	-	-	-	-	-	sprach	ya	lieber	her	welt	ir	pald	her	wider	-	komen	ich	fürchte	das	mir	mein	weiplich	ere	durch	die	falschen	zungen	-	werd	die	weil	genumen	wie	woll	ich	will	-	mein	-	ere	-	so	wol	-	behalten	ich	bit	eü	ch	lieber	herre	mein	das	ir	her	heim	bey	mir	wellet	beleyben	dy	frau	sprach	die	welt	ist	falsch	in	allen	iren	sachen	beleibet	do	heym	das	ist	mein	rat	kurtze	weil	kan	ich	ü	ch	wol	machen	beyde	-	frü	vnd	-	spat	die	fraw	kundt	-	lauten	schlahen	vnd	harpffen	vnd	geygen	die	welt	-	ist	vntreü	-	vnd	mordeß	voll	auff	der	strassen	ich	bitt	eüch	lieber	herre	mein	ir	-	-	-	-	-	-	-	solt	-	eüch	-	an	nymand	lassen	wa	ir	kert	zu	herberg	ein	der	warheit	thut	man	eüch	gar	dick	verschweigen	alexander	-	-	sprach	fraue	-	mein	eü	er	er	solt	ir	eü	ch	wol	beschliesen	-	hilfft	mir	dan	got	her	wider	heym	die	weil	ich	lebe	so	laß	ichs	eü	ch	genissen	werdent	ir	-	-	-	-	an	ewern	eren	geletzet	ervar	ich	die	rechten	mere	so	laß	ich	eü	ch	mit	hunden	auß	yagen	vnd	hetzen	das	es	got	möcht	erbarmen	die	frau	erschrack	vn	bat	got	im	himel	also	sere	vn	maria	die	-	reine	magt	das	sy	irem	herren	-	-	mit	freüden	hülf	-	-	her	wider	heim	-	-	das	er	ir	behüt	ir	weiplich	ere	mit	fleisse	got	der	thet	ir	-	-	ein	engel	senden	zu	ir	-	in	ir	kemerlein	der	sprach	mach	ym	-	-	ein	hembt	an	-	aus	geschlagenem	-	tuche	-	so	fein	-	die	weil	-	-	du	hast	-	dein	-	ere	so	beleibt	das	hembd	an	seinen	leibe	weise	die	frau	die	pflag	des	engels	rat	vn	-	-	-	-	-	-	-	-	ließ	ir	ein	leine	tuch	hertragen	zu	-	metz	das	geschriben	stat	es	was	gemanet	vn	auch	schon	geschlagen	sy	macht	ein	hemptt	vn	legte	es	ym	an	mit	fleissr	vnd	sprach	her	die	weil	ich	hab	die	ere	mein	-	so	pleibt	das	hembde	an	eü	rem	leibe	weiß	alexander	begund	von	seiner	frauen	schaiden	sy	vmfing	yn	mit	gantzem	fleisse	vn	sach	ym	nach	mit	leide	do	schain	an	ym	das	hemtt	so	weise	es	gab	ein	schein	fü	r	alle	seine	kleider	nvn	hört	wie	es	alexander	ist	ergangen	als	bald	er	-	-	-	kam	ü	ber	mere	do	ward
C1	ein	edler	herr	-	was	zuo	metz	gesessen	alexander	also	was	er	genant	seyn	lob	stund	weit	gemessen	seyn	weyb	die	was	so	wol	-	erkant	groß	zucht	vnd	eer	thet	man	von	jn	sagen	eins	mals	pflag	er	mit	jr	der	lieben	zeyte	vnd	sprach	,,frauw	mercket	-	-	eben	hinweg	so	wil	ich	reiten	darumb	-	solt	jr	mir	vrlaub	geben	mir	steet	meyn	sin	hin	zum	heiligen	-	grabe	die	fraw	-	-	-	-	-	sprach	,,ja	lieber	herre	woelt	-	jr	bald	wider	kumen	-	ich	fuercht	das	mir	mein	weyblich	eere	durch	die	falschen	zungen	dieweyl	werd	-	-	genumen	wiewol	jch	wil	meyn	eer	-	-	-	so	wol	-	-	behalten	jch	bit	euch	-	lieber	herre	mein	das	jr	daheym	-	bey	mir	woelt	walten	die	fraw	sprach	,,die	welt	ist	falsch	in	allen	-	sachen	bleibt	daheim	-	das	ist	mein	rat	kuertzweyl	-	kan	ich	euch	-	wol	machen	beyde	frue	-	vnd	auch	spat	die	fraw	kund	-	lauten	harpfen	-	-	vnd	geigen	,,die	welt	-	ist	-	vntrew	vnd	moerdet	-	auff	der	strassen	jch	bit	euch	lieber	herre	meyn	-	jr	-	-	-	-	-	-	solt	-	-	euch	an	niemant	lassen	wo	jr	kert	zuo	herberg	ein	die	warheyt	thuot	man	offt	verschweygen	-	-	alexander	-	-	sprach	-	,,frawe	meyn	-	ewer	eere	solt	ir	-	-	wol	beschliessen	-	hilfft	mir	dann	got	herwider	heym	dieweyl	jch	leb	-	-	-	laß	ichs	euch	geniessen	wert	jr	-	-	-	-	-	an	ewern	eeren	geletzet	erfar	jch	die	rechten	mere	so	laß	ich	euch	-	mit	hunden	außhetzen	die	fraw	die	-	-	-	-	-	-	-	-	-	bat	got	von	himel	also	sere	vnd	mariam	die	-	reine	meide	das	sie	dem	jrn	herre	hülff	-	wieder	-	heim	mit	-	freuden	-	vnd	jr	behuettet	jr	-	weiblich	eer	mit	fleiß	-	-	-	-	-	gott	thet	jr	ein	engel	senden	-	zuo	jr	in	jr	kemerlein	der	sprach	mach	jm	-	an	ein	hemnde	-	auß	geschlagnem	-	tuoch	-	-	so	fein	-	dieweyl	-	-	du	hast	-	deyn	-	eere	-	so	bleybt	das	hembd	an	seinen	leyb	weyß	die	fraw	-	pflag	des	engels	rat	-	-	-	-	-	-	-	-	vnd	ließ	jr	ein	-	tuoch	her	tragen	zuo	metz	das	geschriben	stat	es	was	gemangt	vnd	schoen	-	geschlagen	sie	macht	ein	hembd	vnd	legt	jms	-	an	mit	fleyß	vnd	sprach	,,dieweil	-	-	ich	hab	-	-	mein	eere	so	bleibt	das	hembd	an	ewrem	leib	-	weiß	alexander	begunt	von	seyner	frawen	scheide	sie	umbfieng	jn	mit	gantzem	fleiß	vnd	sahe	jm	nach	mit	leyde	do	scheyn	an	jm	das	hembde	weiß	-	es	gab	ein	schein	für	-	alle	seine	kleyde	hoert	-	wie	es	alexander	ist	ergangen	als	bald	er	-	-	-	kam	vber	-	mere	do	ward
E2	ein	edler	herr	der	was	zuo	metz	gesessen	alexander	-	was	er	genandt	sein	lob	stuondt	hoch	gemessen	sein	fraw	-	was	auch	gar	weit	erkant	groß	lob	vn	ehr	hört	man	von	ir	sagen	einsmals	pflägt	-	er	mit	jr	der	lieben	zeiten	er	sprach	zart	fraw	merckt	mich	eben	hinweg	so	will	ich	reiten	darum	-	solt	jr	mir	vrlob	geben	gem	-	-	-	-	-	heiligen	grab	will	ich	mich	selber	wagen	die	fraw	die	sprach	mein	lieber	herr	wann	wöllen	jr	-	wider	herheim	komen	ich	sorg	das	mir	mein	weiblich	ehr	durch	falsche	zung	-	-	werd	dieweil	genomen	jedoch	-	-	-	will	ich	-	mein	-	-	ehre	-	woll	behalten	ich	bitt	euch	-	lieber	herre	mein	das	jr	herheime	kurtzweil	wöllen	halten	-	-	-	-	-	die	welt	ist	falsch	in	allen	jren	sachen	bleibt	herheim	-	das	ist	mein	raht	kurtzweil	-	kan	ich	-	-	wol	machen	ja	beide	frü	vn	darzuo	spat	die	fraw	kund	harffen	lauten	-	-	-	vnd	geigen	die	welt	die	ist	vol	vntrew	-	-	-	auff	der	strassen	-	-	-	-	-	mein	edler	-	herr	vernemet	den	sinn	ahn	niemandt	solt	jr	-	euch	-	-	lassen	wo	jr	kerent	zuor	herberg	ein	die	warheit	thuot	man	manigmal	-	-	verschweigen	der	herr	der	sprach	zart	frawe	mein	die	ewer	eer	sont	jr	-	-	wol	beschliessen	vnd	hilfft	mir	gott	-	herwider	heim	dieweil	-	-	ich	leb	sond	-	-	-	-	-	jr	sein	wollgeniessen	wann	wurden	ihr	an	ewer	ehre	geletzet	erfür	ich	dann	ein	solche	meer	von	mir	wurden	jr	mit	hunden	außgehetzet	die	fraw	erschrack	sie	-	-	-	-	-	-	-	-	bat	gott	-	-	also	sehre	vnnd	mariam	die	maget	reine	vm	das	jr	edler	-	herre	-	mit	freüden	komme	-	-	-	wider	heim	-	vnd	das	gott	jhr	weiblich	ehre	verhüte	-	-	-	-	der	zarte	gott	thet	einen	-	engel	senden	hin	zuo	jr	in	jr	kämmerlein	der	sprach	mach	ihm	behende	-	ein	hembd	-	von	gschlagnen	-	tuoch	-	so	fein	-	dweil	hast	-	dein	-	ehre	-	dz	-	hembt	bleibt	weiß	vn	guote	-	-	-	-	-	die	fraw	pflagt	-	des	engels	rathe	vnd	thet	was	ihr	der	engel	het	gebotten	vnd	ließ	jhr	ein	leinen	tuoch	hertragen	als	zuo	metz	-	geschriben	staht	es	was	gemengt	vnd	auch	schön	geschlagen	sie	macht	ein	hembt	vnd	legt	es	jm	mit	fleisse	vnnd	sprach	herr	dieweil	-	-	ich	hab	die	ehre	mein	-	so	bleibt	das	hembd	an	ewerm	leib	allweg	weisse	alexander	begund	von	seiner	frawen	scheiden	sie	vmbfing	jn	mit	gantzem	fleiß	sie	sach	jm	nach	mit	leide	da	schein	an	jm	das	hembde	weiß	-	es	gab	ein	schein	durch	-	alle	seine	kleider	-	hört	wie	es	alexander	ist	ergangen	als	-	er	nun	über	möre	kam	da	-	-	-	ward


A1	er	-	gefangen	von	einen	vnglaubigen	heren	von	kü	nig	machamet	der	was	ein	wilder	heiden	er	sprach	du	bist	ein	krist	klug	ich	gib	dir	ein	wal	deß	solt	du	dich	bedencken	wiltu	ziechen	in	-	-	meinem	pflug	oder	-	-	dich	hie	lassen	erdrencken	alexander	sprach	selig	ist	das	leben	wan	mir	got	-	wol	gehelfen	mag	ich	-	wil	mich	wilig	yn	ein	pflug	-	-	-	-	ergeben	alexannder	ward	hart	in	einen	pflug	gebunden	er	vnd	zechen	kristen	-	man	man	schlug	yn	tieffe	wunden	das	yn	das	plut	über	iren	leib	ab	ran	sy	zugen	vast	vnt	deten	iren	fleis	in	dem	pflug	muten	sy	dick	er	schwitzen	ietlicher	sein	bestes	det	an	seim	laden	-	er	saß	der	edel	künig	machmet	er	sach	wol	das	das	hembt	plaib	all	weg	weise	er	sprach	wie	hat	das	ein	gestalt	das	sich	die	farbe	am	hembd	nit	verkert	nun	ist	das	weter	manigfalt	vn	er	so	mangen	schwaiß	dar	durch	ver	rerte	er	sant	nach	im	vnd	fraget	vn	nun	allso	eben	wannen	bist	du	aus	kristen	landt	oder	wer	hat	dir	das	weiß	hembd	geben	akexander	-	sprach	mir	gabs	mein	eelich	fraw	sy	legt	mirs	an	mit	gantzem	fleisse	ir	ere	ist	vnverhauen	die	weil	mir	pleibet	das	hemde	weiß	got	wel	das	ich	sy	mit	freüden	anschawe	der	künig	sprach	deß	darfst	du	nit	gedencken	dan	du	gesichst	sy	nimer	mere	ich	will	dich	erdrencken	-	so	du	im	pfluge	-	magst	nimmer	gan	dein	kurtzweil	hab	du	hie	in	grüner	awe	er	schicket	in	wider	in	ein	pflug	nach	einem	ritter	gunde	er	pald	senden	der	was	so	hübsch	vnd	-	auch	so	klug	vnd	-	sprach	nimsoldt	-	vnd	reit	hin	an	die	ende	magst	du	die	frawen	bringen	vmb	ir	ere	darvmb	gib	ich	dir	reichen	soldt	ob	sich	die	farbe	am	hembde	wolt	verkören	der	haiden	ritter	reit	aus	vnd	fraget	die	kristen	leüte	welichs	der	weg	gen	mentz	were	die	gunde	er	schnell	reiten	-	sein	kleider	waren	von	golt	schwer	er	kam	gen	metze	für	eins	wirtzhaus	-	hin	traben	der	wirt	empfing	den	ritter	schone	mit	seiner	handt	in	die	herberg	tugentlich	-	sprach	herre	wannen	kumet	ir	landes	da	antbürt	ym	der	riter	reich	ich	kum	dort	here	vom	heilgen	-	grabe	vnd	hab	zu	schicken	in	dem	land	doch	volend	ichs	wol	in	einer	stunde	ist	eüch	alexander	nicht	bekant	der	ist	-	hart	in	einen	pflug	gehangen	er	hat	sich	aus	diser	stadt	genant	-	vnd	spricht	er	hab	ein	elich	frau	ist	es	war	so	wolt	ich	sy	gern	kenen	der	wirt	begunt	nach	-	der	frauen	senden	do	er	dy	-	red	vom	-	ritter	vernam	die	frau	berait	sich	behende	wie	pald	sy	in	deß	wirtes	haus	kam	sy	empfieng	den	ritter	schon	mit	yren	henden	als	in	dem	lande	gewonheit	was	das	det	man	an	allen	enden	wie	pald	sy	zu	dem	ritter	-	saß	sy	-
C1	er	-	gefangen	von	einem	vnglaubigen	herre	von	kuenig	machomet	-	der	war	ein	-	heide	er	sprach	,,du	bist	ein	christen	kluog	ich	gibt	dir	ein	wal	des	solt	du	dich	bedencken	wiltu	-	-	ziehen	meynen	-	pfluog	oder	wiltu	-	dich	-	lassen	ertrencken	alexander	sprach	,,selig	ist	das	leben	wann	mir	gott	-	wol	gehelffen	mag	-	jch	wil	mich	willig	in	-	-	-	-	-	pfluog	ergeben	alexander	ward	hart	in	ein	pfluog	gepunden	er	vnd	-	zehen	christen	man	man	schluog	jn	tieffe	wunden	das	jn	dz	bluot	vber	jre	leib	abran	-	sie	zugen	fast	vnd	theten	jren	fleiß	in	dem	pfluog	muosten	sie	dick	erschwitzen	iglicher	-	sein	bestes	thet	am	-	laden	begund	er	sitzen	der	edel	kuenig	machomet	er	sach	wol	das	das	hembd	bleyb	allweg	weiß	-	er	sprach	,,wie	hat	das	ein	gestalt	das	sich	die	farb	am	hembd	nit	verkerte	nu	ist	das	wetter	manigfalt	vnd	er	so	manchen	schweyß	dadurch	verrerte	-	-	er	sant	nach	jm	vnd	fraget	jn	also	-	eben	,,wannen	bist	du	auß	christen	landt	oder	wer	hat	dir	das	weiß	hembd	geben	alexander	der	sprach	,,mir	gabs	meyn	ehliche	frawe	sie	legt	mirs	an	mit	gantzem	fleyß	jr	eer	ist	vnuerhawe	dieweil	-	mir	bleibt	das	hembde	weiß	got	woeld	das	ich	sie	mit	freuden	anschawe	der	kuenig	sprach	,,das	darffstu	-	nit	gedencken	dann	du	gesichst	sie	nymmer	mer	ich	wil	dich	lassen	ertrencken	so	du	im	pfluog	nymmer	magst	gen	-	dein	kuertzweil	hab	-	-	in	gruener	awe	er	schickt	jn	wider	in	ein	pfluog	nach	einem	ritter	begunt	er	sende	-	der	war	huebsch	-	vnd	-	auch	so	kluog	vnd	-	sprach	,,nim	sold	vnd	reyt	hin	an	die	ende	magstu	-	die	frawen	pringen	vmb	jr	eere	darvmb	gib	jch	dir	reichen	sold	ob	sich	die	farb	am	hembde	woelt	verkere	der	heiden	ritter	reit	auß	vnd	fragt	die	christen	leute	welchs	der	weg	gen	metz	wer	den	gund	er	gar	schnel	reyte	sein	kleider	waren	von	gold	schwer	er	kam	gen	metz	fuer	eynes	wirtes	hauß	hin	traben	der	wirt	empfieng	den	ritter	schon	mit	seiner	hand	in	die	herberg	tugentlich	er	sprach	,,herr	wann	kumet	jr	landes	do	antwort	jm	der	ritter	reych	,,jch	kum	dort	her	von	dem	heiligen	grabe	vnd	hab	zuo	schicken	in	dem	land	doch	volendet	ichs	wol	in	einer	stunde	ist	euch	alexander	icht	bekant	der	ist	-	hart	in	einem	pfluog	gepunden	er	hat	sich	auß	diser	stat	genennt	-	vnd	spricht	er	hab	ein	ehlich	frawen	ist	es	war	so	wolt	jch	sie	gern	kennen	der	wirt	begunt	nach	-	der	frawen	senden	do	er	die	-	red	von	dem	ritter	vernam	die	fraw	bereytet	sich	behende	wie	bald	sie	in	des	wirts	hauß	kam	sie	empfieng	den	ritter	schone	-	-	-	als	in	dem	land	gewonheit	was	dz	thet	man	an	allem	ende	wie	bald	sie	zuo	dem	ritter	-	saß	-	sie
E2	er	schnell	gefangen	vonn	einem	vngläubigen	man	vom	könig	machomet	-	-	-	ein	wilder	heide	er	sprach	du	bist	ein	christen	kluog	ich	gib	dir	ein	wal	des	soltu	-	dich	bedencken	vnd	wilt	du	ziehen	inn	meinem	pfluog	oder	wilt	du	dich	-	lassen	ertrencken	alexander	sprach	edel	ist	das	leben	ee	dann	-	ich	-	-	-	-	-	-	mich	ertrencken	laß	ehe	willich	mich	inn	einen	pfluog	ergeben	alexander	ward	hart	in	ein	pfluog	gebunden	mit	jm	wol	zehen	christen	man	man	schluog	jn	tieffe	wunden	-	-	dz	bluot	über	jre	leib	ab	ran	sie	zogen	fast	vnd	theten	jre	fleisse	in	dem	pfluog	muosten	sie	dick	erschwitzen	jeglicher	da	sein	bestes	thet	am	-	laden	begund	er	sitzen	d	edel	könig	machomet	er	sah	wol	daß	dz	hembd	alzeit	bleib	weisse	-	er	sprach	wie	hatt	diß	ein	gstalt	dz	sie	die	farb	am	hembd	nit	verkert	nu	ist	dz	wetter	manigfalt	vnd	er	so	manchen	schweiß	dardurch	verröret	-	-	er	sandt	nach	jm	vnd	fraget	jn	gar	eben	von	wannen	bistu	-	auß	christenland	-	oder	wer	hat	dir	das	weiß	hembd	gegeben	alexander	-	sprach	mir	gabs	mein	eelich	frawe	vnd	legt	mirs	an	mit	gantzen	fleiß	jr	ehr	ist	vnuerhawen	dieweil	-	mir	bleibt	das	hembde	weiß	got	wöll	das	ichs	-	mit	frewden	anschawe	der	künig	sprach	das	darffstu	-	nit	gedencken	wan	du	gesichst	sie	nimmermee	-	ich	will	dich	lassen	ertrencken	wan	du	im	pfluog	-	magst	nime	gehn	dein	kurtzweil	hab	du	hie	in	grüner	awe	er	spant	ihn	wider	in	den	pfluog	nach	einem	ritter	thet	er	schnelle	senden	der	was	so	hüpsch	-	vnd	darzuo	-	kluog	-	er	sprach	nim	sold	vnd	reit	hin	an	die	ende	magst	du	die	frawen	bringen	vmb	jr	ehren	darum	gib	ich	dir	silber	gold	ob	sich	die	farb	am	hembde	wolt	verkeren	der	heiden	ritter	reit	auß	vnd	fraget	die	christen	leüte	wölches	der	weg	gen	metze	wer	da	hin	begund	er	reiten	-	sein	kleider	waren	von	golde	schwer	er	kam	gen	metz	für	eines	wirtes	hause	-	traben	der	wirt	empfieng	den	ritter	also	schone	wol	-	in	die	herberg	tugentlich	-	sprach	herr	wanen	komen	jhr	landes	da	antwort	im	der	ritter	reich	ich	kom	geritten	-	von	dem	heiligen	grabe	vnnd	hab	zuoschicken	-	in	dem	landt	jedoch	vollendt	ichs	wol	in	einer	stunden	ist	euch	alexander	nicht	bekant	er	ist	gar	hart	inn	einen	pfluog	gebunden	er	hatt	sich	auß	der	statt	thuon	nennen	vnd	sagt	er	hab	ein	eelich	fraw	ist	es	war	so	wolt	ich	sie	gerne	kennen	der	wirt	begund	bald	bach	der	frawen	senden	da	er	des	ritters	red	vernan	-	-	-	die	fraw	rüst	sich	behende	wie	bald	sie	zuo	dem	wirte	-	kam	vnd	zuo	dem	ritter	recht	wolgethone	der	ritter	grüßt	die	fraw	mit	kluogen	witzen	als	dan	zuo	mal	gewonlich	was	er	bat	sie	bey	in	sitzen	gar	-	züchtiglich	-


A1	fraget	-	in	-	pald	-	nach	-	irem	-	-	alexander	-	-	-	-	-	der	ritter	sprach	fraue	-	fein	seidt	ir	mich	fraget	-	so	sag	ich	eüch	zu	stunde	er	leidet	not	un	grosse	pein	vnd	ist	hart	in	einen	pflug	gepunden	dar	in	muß	er	verschliessen	seien	leben	-	hilfft	weder	silber	noch	rotes	gold	ir	welt	eüch	dan	in	meinen	willen	geben	die	frau	sprach	ich	hoffe	es	sey	erlogen	es	ist	vil	leicht	ein	ander	man	der	-	-	in	dem	pflug	hat	getzogen	sagt	mir	herr	was	hat	er	an	so	höre	ich	das	wol	das	ich	nit	werd	betrogen	der	haiden	riter	sprach	das	sag	ich	eüch	mit	fleisse	er	tregt	an	ein	-	-	-	reiche	wadt	ein	hembd	-	das	ist	weise	das	kein	mase	nie	empfangen	hat	zwey	gantze	iar	hat	er	in	eim	pflug	getzogen	ir	gesecht	yn	lebent	nimmer	mere	nach	seinem	leibe	da	habent	kein	gedencken	wan	er	im	pflug	-	mag	nit	mer	gon	so	haist	in	der	künig	erdrencken	wölt	ir	eüch	in	meinen	-	-	willen	ergeben	als	pald	ich	dan	-	heim	kumb	zu	landt	so	wil	ich	eüch	yn	hersenden	by	-	-	dem	leben	die	fraw	die	sprach	kost	es	dan	-	sein	leben	oder	-	mir	mein	weiplich	ere	so	merckent	mich	gar	ebben	ritter	mein	vil	libee	herre	biß	morgen	frü	will	ich	eüch	ein	antbort	-	geben	got	der	-	tet	ir	-	einen	-	-	engel	senden	-	in	-	ir	-	kamer	-	-	-	-	-	-	-	offenbar	er	sprach	du	an	eins	münichs	wa<t>e	vnd	laß	dir	schneiden	ab	dein	hare	ein	münichs	platten	solt	du	dir	lassen	scheren	vnd	reitt	dem	r<i>tter	hinden	nach	dein	saittenspil	solt	du	hinder	dir	nit	lassen	vnd	laß	dir	nit	sein	also	-	-	-	-	-	-	-	gach	vnd	henge	ym	nach	sittigelichen	-	auff	der	strassen	in	die	herberg	solt	du	zu	ym	ein	kören	auch	mit	deinem	saittenspil	so	erlöest	du	-	alexander	mit	grossen	eren	am	morgen	-	die	frau	zu	dem	ritter	kame	sy	gundt	ym	schnel	entlichen	versagen	vnd	vrlaub	von	ym	name	sy	sprach	zu	ym	in	yamers	klagen	ich	will	meins	lieben	herren	hye	er	beicten	mein	ere	-	will	ich	ym	schonee	vnd	woll	behalten	den	got	der	mich	geschaffen	hatt	den	will	ich	-	lassen	waltten	der	alle	gind	vnder	stat	der	ritter	gundt	gar	pallde	von	dannen	reitten	deß	nam	die	fraw	gar	eben	war	sy	tet	das	ir	der	engel	hät	geratten	wie	pald	sy	ir	-	-	-	-	ein	platten	schar	vnd	legt	an	palde	eines	münichs	-	wate	ir	saitenspil	das	hieng	sy	an	ir	seitten	vnd	nam	der	herberg	eben	war	zu	dem	ritter	gundt	sy	einhinreitten	-	-	-	-	-	-	der	wirdt	empfing	die	frawen	mitt	reichem	schalle	seint	gott	wilkumen	liebe	wa	wöllt	ir	-	-	-	hin	wallen	sy	-	-
C1	-	fragt	jn	gar	-	-	behende	-	vmb	-	jren	-	herrn	-	schoene	-	-	der	ritter	sprach	-	,,frawe	fein	seit	jr	mich	fragen	thuot	so	sag	ich	euch	zuo	stunde	er	leit	not	vnd	grosse	pein	vnd	ist	hart	in	ein	pfluog	gepunden	daryn	muoß	-	er	verschliessen	sein	leben	-	hilfft	weder	silber	noch	rotes	gold	jr	woelt	euch	dann	in	meynen	willen	geben	die	fraw	sprach	,,ich	hoff	es	sey	erlogen	es	ist	vileicht	-	ein	ander	mann	der	-	-	in	dem	pfluog	hat	gezogen	saget	mir	herr	was	hat	er	an	so	hoer	ich	-	wol	das	jch	nit	wird	betrogen	der	ritter	-	sprach	,,das	sag	ich	euch	mit	fleiß	er	tregt	an	ein	reyche	wat	ein	hemmet	-	-	-	-	das	ist	weiß	das	kein	masen	nie	empfangen	hat	zwey	gantze	jar	hat	er	in	eym	pfluog	gezogen	jr	secht	in	lebendig	nymmer	mer	nach	seynem	leyb	habt	keyn	gedancken	wenn	-	er	im	pfluog	nimmer	mag	geen	-	-	so	heist	jn	der	kuenig	machomet	ertrencken	woelt	jr	meynes	-	-	-	willen	pflegen	als	bald	ich	-	kum	wider	heym	zuo	land	so	wil	ich	jn	euch	-	-	senden	bey	dem	leben	die	fraw	sprach	-	,,kost	es	dann	seyn	-	leben	oder	-	mir	mein	weiblich	eer	so	mercket	mich	gar	eben	ritter	meyn	vil	lieber	herr	bis	morgen	frue	wil	ich	euch	ein	antwort	-	geben	got	der	-	herr	-	jr	-	ein	-	engel	sandt	-	in	-	jr	-	kamer	-	-	-	-	-	-	gar	offenbar	er	sprach	,,mach	eyns	muenchs	gewand	vnd	laß	dir	schneyden	-	ab	dein	har	ein	muenchs	platen	solt	-	dir	lassen	scheren	vnd	reyt	dem	ritter	hinden	nach	deyn	seytenspil	-	solt	hinter	dir	nicht	lassen	vnd	laß	dir	nit	seyn	also	-	-	-	-	-	-	-	gach	vnd	heng	jm	nach	sitlichen	-	auff	der	strassen	in	die	herberg	solt	du	zuo	jm	ein	lenden	auch	mit	deynem	seyttenspil	so	erloestu	-	-	alexander	mit	freuden	-	am	morgen	-	die	fraw	zuo	dem	ritter	kam	sie	begund	jm	schnelligklich	-	versagen	vnd	vrlaub	von	jm	nam	sie	sprach	zuo	jm	in	iamers	klagen	,,ich	wil	meines	lieben	herren	hie	erbeyten	meyn	eer	wil	-	-	ich	jm	wol	vnd	schon	behalten	dann	got	der	mich	beschaffen	hat	den	wil	ich	es	lassen	walten	der	alle	ding	vnterstat	-	der	ritter	begundt	-	bald	von	dannen	reytten	des	nam	die	fraw	gar	eben	war	sie	thet	als	jr	der	engel	het	geraten	wie	bald	sie	-	-	-	-	jr	ein	platten	schar	vnd	leget	an	eynes	muenches	-	-	wate	jr	seyttenspil	-	hieng	sie	an	jr	seyten	vnd	nam	der	herberg	eben	war	zuo	dem	ritter	-	-	-	-	-	begund	sie	hinein	reyten	der	wirt	empfieng	die	frawen	mit	reychem	schalle	,,seit	got	wilkumen	-	-	lieber	herr	wo	woelt	jr	hin	walle	{\dfootnote{\textit	eine	wallfahrt
E2	sie	-	zuo	-	jhm	saß	-	sie	-	fragt	-	-	nach	alexander	-	also	schone	der	ritter	sprach	zart	frawe	fein	seidt	jhr	mich	fragt	-	so	sag	ichs	euch	zuo	stunden	er	leidet	noht	vnd	schwere	pein	vnd	ist	hart	in	einen	pfluog	gebunden	darinne	muß	er	enden	je	sein	leben	darfür	hilfft	weder	silber	-	-	gold	jr	wölt	euch	dann	in	mein	willen	ergeben	die	frawe	sprach	ich	hoff	es	sey	erlogen	es	ist	villeicht	-	ein	ander	mann	der	des	mals	in	dem	pfluog	hat	gezogen	sagen	mir	herr	was	hat	er	an	so	höre	ich	das	-	-	ich	nit	wert	betrogen	der	ritter	-	sprach	dz	sag	ich	euch	mit	fleisse	er	treit	an	jhm	-	-	ein	reiche	wadt	ein	hembe	et	das	ist	weisse	das	-	masen	nie	empfangen	hat	zwey	gantze	jar	hat	er	jm	-	pfluog	gezogen	jhr	gsecht	jn	lebend	nimer	an	nach	seinem	leibe	habend	-	kein	gedencken	wann	er	im	pfluog	-	mag	nime	gan	-	so	lasset	jhn	der	könig	machomet	ertrencken	jhr	wolt	euch	dann	nach	meinem	willen	wenden	so	bald	ich	dann	kum	heim	-	zuo	land	so	wolt	ich	euch	ihn	lebendig	her	senden	-	-	-	die	fraw	die	sprach	kost	es	jm	dann	sein	leben	od	aber	mir	mein	weiblich	eer	so	solt	jr	mercken	eben	biß	morgens	kom	ich	wider	her	-	-	-	-	-	ein	antwort	werden	-	jr	-	dan	vom	mir	-	hören	-	gott	-	sendet	jr	-	ein	-	engel	-	so	getrate	der	sprach	zuo	jr	gar	offenbar	leg	-	-	an	ein	münsch	wate	vnd	laß	dir	schneiden	ab	dein	har	ein	münches	platten	solt	du	dir	lan	scheren	vnnd	reyt	dem	ritter	hinden	nach	dein	seyten	spil	solt	-	-	-	-	-	-	-	nit	hinder	dir	lassen	vnnd	laß	dir	nit	sein	zuo	gach	vnnd	heng	ihm	nach	gar	sittlich	auff	der	strassen	inn	sein	herberg	da	solt	du	auch	einkeren	mit	-	-	deinem	seytenspil	so	guot	so	erlösest	alexander	wol	mit	ehren	des	morgens	frü	die	fraw	zuom	-	ritter	kame	sie	gund	jm	schnelligklich	-	versagen	vn	vrlob	von	jm	name	sie	sprach	zuo	jhm	in	jammers	klagen	-	-	meins	edlen	herren	will	ich	heim	erwarten	mit	gottes	will	ich	mein	ehr	erhalten	der	gott	-	-	der	mich	erschaffen	hatt	den	will	ichs	-	lassen	walten	der	alle	ding	wol	vnderstat	der	ritter	begund	gar	bald	von	dannen	reiten	des	nam	die	frauw	gar	eben	war	sie	thet	als	jr	der	engel	hett	geraten	-	-	sie	ließ	jhr	schneiden	ab	jr	har	vnd	-	-	legt	an	gar	bald	ein	münches	wate	jr	seitenspil	das	henckt	sie	an	jr	seiten	sie	ritt	-	-	-	-	-	dem	ritter	hinden	nach	in	sein	herberg	begund	sie	auch	einreiten	der	wirt	empfieng	die	fraw	mit	reichem	schalle	er	sprach	gott	will	kom	lieber	herr	wo	wöllend	ihr	hin	wallen	-	-	-


A1	-	-	-	sprach	ich	wer	geren	über	mer	er	nam	ir	roß	vnd	gab	ym	ein	haber	messe	-	-	-	-	-	-	die	frau	gieng	ein	der	ritter	was	zu	dissche	-	-	gesessen	er	bott	ir	-	-	-	-	-	-	-	-	-	mit	vns	essen	sy	antwort	ym	in	züchten	fein	der	zerung	hab	ich	da	heym	vergessen	der	zerung	sol	ich	nit	fil	hon	-	noch	da	heimen	in	meinem	gewalt	ich	muß	akk	stund	in	sorgen	stan	also	sol	ich	dan	meinen	orden	halten	-	-	-	-	-	-	-	-	-	-	-	-	der	ritter	nam	der	rede	gar	eben	ware	sprach	herre	sitzent	her	an	das	mal	ich	will	-	-	-	-	-	den	wirt	für	eüch	betzalen	die	frau	die	aß	vnd	tranck	al	do	mit	schalle	vnd	macht	ir	kurtze	weil	also	vil	-	vor	den	herren	alle	al	da	mit	irem	saittenspil	das	gund	dem	riter	also	wol	gefallen	sy	hieß	den	wirt	ir	saitenspil	herbringen	sy	-	die	-	lautten	zum	ersten	-	schlug	-	dar	ein	-	-	kund	sy	-	wol	singen	-	-	ein	grosser	tantz	sich	er	hub	das	hofgesind	wart	sy	loben	alles	-	der	ritter	sprach	lieber	herre	-	wo	wölt	ir	hin	das	sölt	ir	mir	sagen	sy	sprach	ich	wer	gern	über	mer	mir	stat	mein	sin	hin	zu	dem	heilgen	grabe	so	förcht	ich	ich	müg	mich	nit	-	-	-	-	-	-	-	-	-	erneren	der	riter	sprach	so	ziechet	mit	mir	-	ich	wil	eüch	ein	vn	aus	vertzeren	sy	gunden	mit	ein	ander	zu	dem	-	-	-	-	-	-	-	schiff	hin	eilen	-	der	kaufleüt	waren	also	vil	sy	-	kürtzet	-	in	die	weile	also	mit	irem	saittenspil	sy	kamen	über	mere	mit	grossen	freüden	die	kauffleüt	wurdenn	iren	kauffman	schatz	austragen	einer	auff	der	ander	abe	sy	ward	den	ritter	fragen	herr	welichs	ist	der	weg	zum	heilgen	grabe	oder	wen	müssen	wir	vns	von	ein	ander	scheiden	der	ritter	sprach	-	herre	mein	ir	söllent	noch	ein	monat	bey	mir	pleiben	vnd	söllent	mit	mir	zichen	heim	vnd	kürtzent	mir	vnd	dem	künig	vnser	weile	hoffirent	mir	vnd	dem	künige	-	-	-	-	-	-	-	mein	her	was	ir	von	im	begeren	seit	auff	mein	ayd	des	muß	er	eüch	-	geweren	sy	zugent	mit	ein	ander	durch	ein	auwe	-	da	zug	alexander	in	einem	pflug	in	schauet	-	-	an	sein	fraue	sy	grüsset	yn	mit	worten	klug	die	kutten	zug	sy	für	mit	fleisse	sy	-	-	kamen	für	deß	edeln	küniges	veste	der	edell	künig	yn	entgegen	gieng	allso	mit	seinen	gestten	yn	-	grossem	gespöet	er	sy	empfing	der	künig	-	der	-	sprach	-	-	das	hemde	das	ist	noch	weiß	-	der	ritter	sprach	herre	mein	-	-	-	-	die	rechten	warheit	muß	ich	eüch	veryechen	sy	wolt	nit	dun	-	den
C1	machen	pilgern	sie	sprach	,,ich	wer	gern	vber	meer	er	nam	jr	roß	vnd	gab	jm	ein	haber	messe	{\dfootnote{\textit{hâbere	,hafer	\textit	hol	oder	gewichtsmaß	die	fraw	gieng	ein	der	ritter	was	-	-	zuo	tisch	gesessen	er	bot	der	frawen	da	den	weyn	vnd	sprach	,,herr	woellet	jr	mit	vns	essen	sie	antwort	jm	,,mit	zuechten	fein	der	zerung	hab	ich	daheim	-	vergessen	der	zerung	\edtext{so<l	jch	nit	vil	han	hie	noch	daheimen	-	in	meyner	gewalte	ich	muoß	alle	stund	in	sorgen	stan	also	sol	ich	den	meinen	orden	halten	{\dfootnote{christusnachfolge	in	armut	typisch	für	bettelorden	insb	der	franziskaner	(vgl	dazu	22,5	der	ritter	begunt	sagen	vor	jn	allen	er	sprach	,,herr	sitzet	heran	dz	mal	wil	ich	dem	-	-	-	-	-	-	wirt	für	euch	bezalen	die	fraw	die	aß	vnd	tranck	-	-	mit	schalle	vnd	macht	jr	kuertzweil	-	also	vil	wol	vor	den	herren	allen	alda	mit	jrem	seitenspil	-	das	thet	dem	ritter	also	wol	gefallen	sie	hieß	den	wirt	jr	seitenspil	pringen	-	sie	-	die	lauten	am	ersten	-	-	-	-	-	schluog	darein	kund	-	sie	wol	singen	-	-	ein	grosser	tantz	sich	da	erhuob	das	\edtext{haußgesind	was	sie	loben	alles	-	der	ritter	sprach	,,lieber	herre	-	wo	woelt	jr	hyn	das	solt	jr	mir	sagen	sie	sprach	,,ich	wer	gern	vber	meere	mir	stat	meyn	sin	hyn	zuo	dem	heyligen	grabe	so	foercht	-	ich	moeg	mich	nit	-	-	-	-	-	-	-	-	-	erneren	der	ritter	sprach	,,so	ziehet	mit	mir	-	ich	wil	euch	\edtext{ein	vnd	auß}{\cfootnote{uß	vnd	yn	E1	verzeren	%BIS	HIER	MIT	E1	erster	tag	sie	begunden	mit	eynander	zum	schiff	hyn	-	eile	der	kaufleut	waren	also	vil	sie	-	-	kuertzet	jn	die	weyle	also	mit	jrem	seyttenspiel	sie	kamen	vber	meer	mit	freuden	die	kaufleut	wurden	jre	kauffmanschatz	außtragen	eyner	-	-	auff	der	ander	ab	sie	war	den	ritter	fragen	,,herr	welchs	ist	der	weg	zum	heyligen	grab	oder	wenn	muessen	wir	vns	scheyden	-	-	-	der	ritter	sprach	-	,,herre	meyn	jr	solt	noch	ein	monat	bey	vns	bleyben	vnd	solt	mit	mir	ziehen	heym	-	-	-	-	-	-	vnd	kuertzen	-	mir	vnd	dem	kuenig	vnser	weylen	hofieret	mir	vnd	dem	kuenig	mein	herr	was	jr	von	jm	begeren	seyt	muoß	-	-	-	-	-	-	-	-	sie	zugen	mit	eynander	-	durch	eyn	-	awe	da	zog	alexander	in	eynem	-	pfluog	-	jn	schawet	an	seyn	frawe	sie	gruesset	jn	mit	worten	kluog	-	-	die	kutten	zog	sie	fuer	mit	fleyß	sie	kamen	fuer	des	edlen	kuenigs	feste	der	edel	kuenig	jn	entgegen	gieng	also	mit	den	seynen	geste	in	grossem	-	-	spot	-	er	jn	empfieng	der	kuenig	sprach	-	-	,,das	hembd	-	ist	noch	weiß	-	der	ritter	sprach	,,herre	meyn	-	-	-	-	die	rechten	warheyt	muoß	ich	euch	veriehen	sie	wolt	nicht	-	thuon	den
E2	-	-	sie	sprach	ich	wer	gern	über	mör	er	nam	jr	roß	-	gab	im	-	-	-	-	-	-	-	-	-	-	-	-	ein	habermessen	d	heidnisch	ritter	wz	zuo	tisch	gesessen	er	bott	der	frawen	auch	den	wein	herr	wend	jhz	auch	mit	mir	-	essen	sie	antwort	jhm	mit	worten	fein	der	meinen	-	-	-	-	-	-	zerung	soll	ich	lützel	-	han	hoer	vn	dort	daheim	in	meim	gewalte	ich	muoß	allzeit	inn	-	sorgen	stonn	vmb	das	ich	-	meinen	orden	redlich	halte	-	-	-	-	-	-	-	-	-	-	-	der	ritter	-	-	-	-	-	-	sprach	herr	sitzend	an	diß	male	vnd	seind	gantz	aller	sorgen	frey	das	ich	den	wirt	für	euch	vn	für	mich	zale	sie	saß	zuo	tisch	mit	traurigklichem	hertzen	jedoch	treib	sie	der	kurtzweil	-	vil	mit	züchtigklichem	schertze	so	gar	mit	mancherhande	spil	-	-	das	thet	dem	ritter	recht	wolgefallen	-	sie	hieß	den	wirt	jr	seitenspil	herbringen	-	-	-	-	-	am	ersten	sie	-	die	-	laut	schluog	darzuo	kundt	sie	-	woll	singen	sie	huob	ein	dantz	mit	rechtem	fuog	-	das	haußgesind	gund	sie	loben	mit	schallen	der	ritter	sprach	mein	lieber	herr	wo	wöllen	jr	hin	das	sollen	jr	mir	sagen	sie	sprach	ich	wer	gern	über	mör	zuom	heiligen	grab	-	-	-	-	-	-	so	darff	ich	-	-	mich	nit	wagen	ich	förcht	gar	seer	ich	mög	mich	nicht	erneren	der	ritter	sprach	reiten	-	mit	mir	fürwar	ich	will	euch	auß	vnd	einverzeren	sie	ritten	hin	gen	-	-	-	-	-	-	-	-	-	-	-	schiff	gunden	sie	eile	darinne	sassend	kauffleüt	vill	sie	-	kürtzet	-	jhn	die	weilen	alda	mit	jhrenr	seytenspil	-	sie	kamen	über	meer	mit	grossen	freüden	die	kauffleüt	jre	schätz	außtruogen	ye	-	einer	auff	der	ander	ab	sie	ward	den	ritter	fragen	wölchs	-	ist	der	weg	zuom	heyligen	grab	<b>alde	müsen	mir	-	vns	von	einander	-	scheiden	der	ritter	sprach	zart	herre	mein	jr	müssen	noch	ein	monat	bey	mir	bleiben	jhr	sollen	mit	mir	reitten	heim	vor	künig	machomet	ewer	kurtzweil	triben	vnd	kürtzet	-	mir	die	zeit	vn	meinem	herren	-	-	-	-	-	-	-	was	jr	von	jm	begeren	seind	ich	sprich	für	war	das	wirt	er	euch	geweren	sie	ritten	heim	-	-	durch	ein	grüne	awe	da	-	alexander	zoch	in	dem	pfluog	da	jn	ersach	die	frauwe	-	sie	grüsset	jhn	mit	worten	kluog	sie	zoch	die	kutten	für	-	-	mit	gantzem	fleisse	kamenheim	für	künig	machomets	veste	-	der	künig	ihm	-	entgegen	gieng	mit	jhm	sein	frembde	geste	den	ritter	er	mit	spot	entpfieng	er	-	-	-	-	sprach	zuo	jm	das	hembd	-	ist	noch	gar	weisse	der	ritter	sprach	zuom	künig	gar	schon	gnädiger	herr	die	-	warheit	muoß	ich	jehen	-	sie	wolt	nit	meinen	-	-


A1	willen	-	mein	kein	vester	weib	hab	ich	mein	tag	nie	gesechen	solt	ich	sy	-	dan	dar	zu	hon	getzungen	-	-	-	-	-	so	waren	der	edeln	fründ	so	fil	mit	dem	-	leben	-	-	wer	ich	-	von	-	mentz	nit	-	kumen	der	künig	der	-	sprach	die	rede	lassen	wir	fallen	grosse	freüd	wellen	wir	fachen	an	also	-	-	-	-	mit	reichen	schalle	wannen	bringst	du	den	orden	man	was	abenteüre	hat	dir	der	münich	getriben	der	ritter	sprach	herr	das	will	ich	eüch	gern	sagen	er	ist	der	abentteürist	man	den	ich	bey	meinen	tagen	auff	erden	nie	gesechen	hon	-	-	er	hat	mir	vil	der	langen	weil	vertriben	er	ist	der	abenteürist	man	als	ich	in	mit	meinen	au.gen	hab	gesehen	der	alle	saitenspil	so	wol	kan	er	kan	wol	sprechen	-	singen	vnd	auch	iechen	an	eürern	hoff	kundt	ich	wol	gedencken	was	er	von	eüch	begeren	wirt	auff	meinen	ayd	das	solt	ir	ym	schenken	-	der	künig	sprach	das	wellen	wir	-	gern	hörn	wy	sein	kürtzweile	hab	ein	gestalt	kan	er	vns	früden	meren	es	sol	ym	werden	wol	betzalt	die	frau	die	sprach	gnad	edler	künig	vnd	herre	die	frau	begund	ir	saitenspil	her	bringen	sy	die	lautten	zum	ersten	schlug	dar	ein	kunt	-	sy	wol	singen	-	vil	grosser	freüdt	sich	da	erhub	die	frau	gedacht	mein	freüde	wirt	mir	noch	mere	sy	nam	die	harpffen	in	ir	handt	die	saitten	kundt	sy	all	sambt	wol	greiffen	dar	nach	nam	sy	die	geygen	behent	die	kunt	-	sy	-	-	ans	-	der	massen	wol	erstreichen	der	künig	sprach	seitt	frölich	lieber	herre	weß	ir	von	vns	begeren	seit	auff	vnser	treü	deß	wellen	wir	eüch	geberen	der	monet	vergieng	so	gar	in	kurtzen	zeiten	des	nam	die	frau	gar	eben	war	die	herrschafft	begunde	zu	reitten	vnd	die	da	warent	kammen	-	dar	die	-	frau	nam	deß	ritters	eben	ware	sy	-	sprach	-	herr	ir	solt	mir	vrlaub	geben	es	nachet	gar	ein	heilige	zeit	ich	muß	meins	ordens	pflegen	was	ist	der	lon	den	man	mir	geit	der	ritter	sprach	das	will	ich	eüch	erfaren	der	ritter	nam	deß	künigs	ware	sy	begunden	sich	mit	einander	-	bedencken	sy	zugen	ir	ein	pferd	-	-	dar	vnd	-	tausent	güldin	wolten	sy	ir	schenken	die	frau	sprach	nain	-	-	-	-	der	gab	ist	mir	keine	eben	ich	tar	nit	reiten	hoe	ros	-	-	-	-	-	kein	par	gelt	dörffet	ir	-	mir	nit	geben	-	die	frau	sprach	herre	gebent	mir	einen	cristen	man	der	mir	ein	getreür	bruder	werre	mit	dem	ich	dörffte	wandern	-	der	weg	wirt	mir	allein	zw	schwere	der	ritter	sprach	nemmet	ein	der	haist	alexander	der	künig	sprach	herre	merckent	vns	gar	eben	gond	auch	-	selber	zu	dem	pfluge	lugent	welicher	eüch.sey	-	eben	da	-	vindet	-	ir	wol	eüern	fug	den	nemett	der	soll
C1	willen	-	mein	keyn	fester	weyb	hab	ich	mein	tag	nie	gesehen	solt	ich	-	-	-	-	-	-	-	-	sie	darzuo	haben	gezwungen	so	waren	der	edlen	freund	so	vil	das	-	ich	-	von	metz	-	-	-	-	-	-	nit	were	kumen	-	-	der	kuenig	sprach	,,die	red	laß	wir	falle	groß	freud	woellen	wir	fahen	an	also	-	-	-	-	mit	reychem	schalle	wannen	pringstu	den	ordens	-	man	was	abentheuer	hat	dir	der	muench	getriben	der	ritter	sprach	,,das	wil	ich	euch	-	-	sagen	er	ist	der	abentheuerlichst	man	den	ich	bey	meinen	tagen	auff	erdich	ye	gesehen	han	-	-	er	hat	mir	vil	der	langen	weil	vertriben	er	ist	der	abentheuerlichst	man	als	ich	mit	meynen	-	augen	hab	gesehen	der	alle	seyttenspil	-	wol	kan	er	kan	wol	sprechen	-	singen	vnd	iehen	-	an	ewern	hoff	kund	ich	wol	gedencken	was	er	von	euch	begern	wirt	auff	meinen	eyd	das	solt	jr	jm	-	schencken	der	kuenig	sprach	,,das	woellen	wir	hoeren	gern	wie	seyn	kuertzweyl	-	hab	ein	gestalt	kan	er	vns	freuden	meren	es	sol	jm	werden	wol	bezalt	die	fraw	-	sprach	,,gnad	edler	kuenig	vnd	herre	sie	thet	ir	seyttenspil	pringen	-	-	sie	die	lauten	zum	ersten	schluog	darein	kunt	-	sie	-	wol	singen	-	vil	freud	-	sich	da	erhuob	die	fraw	dacht	,,meyn	freud	wirt	mir	noch	mere	sie	nam	die	harpffen	in	die	hend	die	seiten	kund	sie	allsampt	greyffen	darnach	-	-	-	nam	sie	die	geigen	behend	die	-	kund	-	sie	-	auß	-	der	massen	wol	streichen	der	kuenig	sprach	,,seyt	froelich	lieber	herre	was	jr	von	vns	begeren	seyt	auff	vnser	trew	des	woel	wir	euch	gewere	das	monat	vergieng	so	gar	in	kuertzen	zeiten	des	nam	die	fraw	gar	eben	war	die	herschafft	begunt	zu	reiten	vnd	die	do	waren	kumen	-	dar	die	-	fraw	nam	des	ritters	eben	ware	-	sie	sprach	-	,,herr	jr	solt	mir	vrlaub	geben	es	nahet	gar	ein	heilige	zeit	ich	muoß	meins	orden	pflegen	was	ist	der	lon	den	man	mir	geit	der	ritter	sprach	,,das	wil	ich	euch	erfaren	der	ritter	nam	des	kuenigs	war	sie	begunden	sich	mit	einander	-	bedencken	sie	zugen	jr	ein	-	pferdt	-	dar	vnd	-	tausent	guelden	wolten	sie	ihr	-	schencken	-	-	-	-	die	fraw	sprach	der	gab	ist	mir	keyne	eben	ich	darff	nit	reyten	hohe	roß	keyn	bargelt	doerfft	jr	mir	-	-	geben	die	fraw	sprach	-	,,herr	gebt	mir	-	eyn	christen	manne	-	-	-	-	-	der	mir	ein	getrewer	bruoder	wer	mit	dem	ich	doerfft	wandre	-	der	weg	wirt	mir	alleyn	zuo	schwer	der	ritter	sprach	,,nempt	ein	der	heyßt	alexander	der	kuenig	sprach	,,herr	mercket	vns	gar	eben	geet	auch	-	selber	zuo	dem	pfluog	luoget	welcher	euch	sey	eben	-	-	findet	jr	-	den	ewern	fuog	den	nempt	der	sol
E2	willen	thuon	-	kein	vester	weib	hab	ich	mein	tag	-	gesehen	solt	ich	jr	ehr	dan	zwingklich	han	genommen	so	hatt	sie	-	-	-	-	-	-	-	-	-	vil	edler	freünd	-	mit	-	meinem	-	-	leib	-	wer	ich	nicht	dannen	kommen	-	-	der	könig	sprach	die	red	lassen	wir	fallen	-	-	-	wir	wöllen	treiben	kurtzweil	zuor	frawen	sprach	er	mit	schallen	herr	künnen	jhr	mit	seytenspil	so	bitt	wir	euch	ein	weil	bey	vns	bleiben	der	ritter	sprach	herr	künig	ich	muoß	euch	-	sagen	der	herr	ist	so	kunstenreich	dz	ich	bey	meinen	tagen	-	-	nie	hab	gesehen	sein	geleich	er	hat	mir	vil	der	langen	weil	vertrieben	er	ist	der	abentheürigst	mann	den	ich	mit	meinen	-	augen	hab	gesehen	das	seytenspil	gar	-	wol	kan	-	-	-	sprechen	vnnd	singen	darzuomuoß	-	-	-	-	-	-	ich	wol	gedencken	ich	weiß	das	eüwer	milt	nicht	lath	jhr	werdt	jhm	auch	ein	reiche	gab	schencken	der	künig	schnell	antwort	auff	die	sach	sein	abentheür	mir	wol	gefalt	-	-	-	kan	er	vns	kurtzweil	machen	es	soll	jm	werden	wol	bezalt	die	fraw	die	sprach	gnad	edler	könig	reiche	jr	seytenspil	gund	man	jr	fürbringen	am	ersten	sie	die	lauten	-	-	schluog	sie	kund	gar	-	lieblich	-	singen	sie	-	hetten	freüden	all	genuog	-	die	fraw	gedacht	vnmuot	muoß	-	mir	entweichen	-	sie	nam	die	harpffen	in	jr	hand	die	seiten	kund	sie	-	-	-	greiffen	meisterlichen	die	geig	was	jhr	gar	wol	bekandt	den	-	bogen	-	kund	-	sie	-	sanfftlich	drüber	streichen	der	künig	sprach	seind	frölich	lieber	herre	was	jr	von	vns	begeren	seind	bei	vnser	trewe	das	selb	wir	euch	geweren	der	monat	vergieng	so	gar	in	kurtzen	zeiten	das	nam	die	fraw	gar	eben	war	die	herschafft	gund	zerreitten	-	-	die	auff	den	hoff	waren	-	kommen	dar	-	des	heydnischen	ritters	nam	sie	waren	sie	sprach	mein	herr	jr	solt	mir	vrlob	geben	es	nahet	gar	ein	heilige	zeit	heim	muoß	ich	wider	streben	was	ist	der	lohn	den	man	mir	geit	der	ritter	sprach	das	wil	ich	euch	erfaren	der	ritter	nam	des	künigs	acht	sie	gunden	-	mit	einander	sich	bedencken	-	-	-	ein	stoltzes	pferdt	man	dar	bracht	vnnd	tausent	gulden	wolt	man	jhr	da	schencken	die	fraw	die	sprach	die	-	-	-	gab	fügt	mir	nicht	eben	ich	darff	nit	reiten	hohe	rossz	auch	dörfft	-	jr	mir	kein	pfennig	geben	die	fraw	die	-	sprach	het	-	ich	ein	christen	manne	-	-	-	-	-	der	mir	ein	getrewer	bruoder	wer	mit	dem	reit	ich	von	dannen	der	weg	ist	mir	allein	zuo	schwer	der	ritter	sprach	nempt	ein	heißt	-	alexander	der	könig	sprach	den	wil	ich	euch	ergeben	mein	herr	gehnd	selber	zuo	dem	pfluog	secht	welcher	euch	fügt	eben	-	jr	findet	-	wol	denn	ewer	fuog	wölchen	wir	nemot	derselb


A1	-	mit	eüch	hin	streben	der	haiden	riter	der	lag	der	frawen	an	er	sprach	herre	wölt	ir	eüch	-	an	mich	lassen	ich	will	eüch	weissen	einen	man	der	eüch	wol	zimmet	vnd	dinet	auff	der	strassen	der	sellbig	haist	alexander	-	-	-	das	yn	der	künig	nimmer	-	sech	von	seinen	wegen	hab	ich	grosse	-	schande	die	frau	sprach	herr	was	leyt	mir	an	ym	londt	mich	yn	sechen	wie	sein	antlötz	hab	ein	gestalt	so	möcht	es	wol	geschechen	ist	er	yung	-	oder	ist	er	-	-	alt	der	ritter	sprach	er	ist	in	beder	maß	die	fraw	die	ging	von	einem	-	pflug	zu	dem	-	andern	biß	sy	ir	-	aller	klar	vernam	sy	warent	hart	gefangen	zum	letzten	sy	zu	dem	alexander	kam	sy	sprach	bruder	wilt	mit	ir	auff	die	strassen	alexander	sprach	ya	lieber	herre	mein	möchtendt	ir	mich	aus	dem	pflug	erlössen	-	-	-	ich	wölt	eüer	treüer	diner	sein	vnd	wölt	für	eüch	sterben	vnd	genessen	die	frau	sprach	O	ritter	der	ist	mir	eben	der	ritter	sschloß	ym	auff	seine	pandt	vnd	gandt	yn	ir	an	ir	handt	zw	geben	der	heiden	ritter	begund	ein	brieff	zu	beraiten	deß	künigs	insigel	er	dar	an	hing	vnd	gab	zu	-	einem	gelait	aus	vnd	ein	-	zu	dem	heilgen	grabe	-	-	-	auff	-	dem	landt	vnd	-	über	-	das	mere	so	weit	sy	vol	brechten	die	fart	-	so	gar	-	in	ku<r>tzen	zeitten	das	sy	kamendt	auff	die	hine	fart	do	sprach	sy	bruder	du	müst	reitten	-	-	ich	wil	gen	durch	die	grossen	stadt	ir	saittenspil	das	hing	sy	an	ir	seitten	vmb	wein	vnd	vmb	das	liebe	brot	auch	vmb	-	alexanders	speysse	-	vnd	wen	-	-	-	-	es	-	-	-	not	det	hungersnot	so	schlug	sy	-	die	lautten	in	münchesweisse	die	-	weil	sy	warent	vnder	den	wilden	haiden	do	sy	hetten	deß	küniges	gelaitte	da	-	-	-	-	geschach	ir	keinen	nye	kein	laide	ein	kristen	graff	wolt	über	mere	-	faren	sein	schiff	das	was	so	wol	berait	dy	-	frau	-	nam	sein	gar	-	eben	-	war	wie	pald	sy	zu	dem	grafen	schrait	sprach	herre	landt	vnd	mit	eüch	durch	sant	franciscus	er	der	graff	sprach	herr	ich	will	eüch	nit	versagen	doch	müssen	wir	in	sorgen	stan	mein	schiff	ist	wol	geladen	vnd	ich	keins	künigs	gelaidt	nit	hon	die	frau	sprach	wir	wellen	-	es	zum	besten	-	-	keren	sy	schmeichlet	ym	den	briff	-	dar	als	ob	im	in	der	künig	bey	im	het	gesendet	der	graff	der	-	nam	-	deß	schiffherrens	-	war	vnd	zaiget	ym	den	sygel	mit	seinen	henden	der	schiffherr	gundt	-	sein	diener	auffwecken	wol	auff	wol	an	wan	es	ist	zeit	des	künigs	paner	begundt	er	auffstecken	sie	kamen	über	mer	mit	grossen	freüden	das	schiff	das	stieß	an	das	land	do	wurden	sy	sich	schaiden	sy
C1	-	mit	euch	hyn	wandern	der	heyden	ritter	-	lag	der	frawen	an	er	sprach	-	,,herr	woelt	jr	euch	an	mich	lassen	ich	will	eich	weysen	eynen	man	der	euch	wol	dienet	-	-	auff	der	strassen	derselbig	heyßt	-	alexander	-	-	-	das	jn	der	kuenig	nymmer	sehe	-	von	seynet	wegen	hab	ich	grosse	-	schande	die	fraw	die	sprach	,,was	leyt	mir	an	jm	lasset	mich	jn	sehen	wie	ist	die	seyn	-	gestalt	so	moecht	es	wol	geschehen	-	-	-	-	-	ist	er	iung	oder	alt	der	ritter	sprach	,,er	ist	in	beyder	masse	die	fraw	gieng	von	eynem	-	pfluog	zuo	-	dem	-	andern	bis	-	sie	jr	aller	klag	vernam	sie	waren	hart	gefangen	zum	letzten	sie	zuo	dem	alexander	kam	sie	sprach	,,bruoder	wiltu	mit	mir	auff	die	strasse	alexander	sprach	,,ia	lieber	herre	meyn	moecht	jr	-	mich	auß	dem	pfluog	erloesen	-	-	ich	woelt	ewer	trewer	diener	seyn	vnd	woelt	fuer	euch	sterben	vnd	genesen	die	fraw	sprach	,,herr	-	der	ist	mir	eben	der	ritter	thet	-	auff	seine	band	vnd	gund	jn	jr	an	jr	hand	-	geben	der	heiden	ritter	begunt	ein	brieff	bereite	des	kuenigs	-	insigel	er	daran	-	-	-	gab	das	zuo	einem	freyen	geleite	\edtext{ein	vnd	auß	zu	dem	-	-	heiligen	grab	-	auff	-	dem	land	vnd	-	vber	-	wasser	-	so	weit	sie	volbrechten	-	die	fart	-	so	gar	-	in	kuertzen	zeiten	sie	kamen	-	auff	die	hinefart	sie	sprach	,,bruoder	-	-	du	muost	reiten	-	-	ich	wil	geen	durch	die	strassen	-	-	-	-	-	-	-	-	-	vmb	wein	vnd	vmd	das	heilige	-	-	-	brot	-	vnd	vmb	-	vnser	beyder	speyse	vnd	wann	es	thet	-	hungers	not	-	-	so	schlug	sie	-	die	lauten	in	münichs	-	weise	dieweyl	sie	waren	vnter	den	heiden	vnd	sie	-	hetten	des	kuenigs	brieff	so	geschahe	jr	keynem	nie	keyn	leyde	eyn	-	-	-	-	christen	graff	wolt	vber	meer	-	faren	sein	schiff	das	was	so	wol	bereit	-	die	-	fraw	nam	sein	gar	-	eben	-	ware	wie	bald	sie	zuo	dem	grafen	schreyt	sprach	,,herr	lassent	vns	mit	euch	durch	sanct	franciscus	ehre	der	graff	der	sprach	,,ich	wil	euchs	nit	versagen	doch	muessen	wir	in	sorgen	stan	meyn	schiff	ist	wol	beladen	vnd	ich	keins	kuenigs	geleyt	nit	han	die	fraw	,,die	sprach	wir	woellen	es	zum	besten	-	-	keren	die	schmeychelt	jm	den	brieff	wol	dar	als	ob	jm	den	der	kuenig	bey	jr	het	gesendet	der	graff	nam	-	des	-	schiffherren	-	-	war	vnd	zeyget	jm	den	sigel	mit	seiner	hende	der	schiffherr	begund	seyne	-	diener	auffwecken	wol	auff	wol	an	wann	es	ist	zeyt	des	kuenigs	paner	begund	er	auffstecken	sie	kamen	vber	meere	mit	grossen	freuden	das	schiff	-	stieß	an	das	land	die	fraw	wolt	sich	von	dannen
E2	muoß	mit	euch	-	wandern	der	-	ritter	-	lag	der	frawen	an	er	sprach	mein	herr	wölt	jr	euch	an	mich	lassen	ich	wil	euch	zeigen	einen	man	der	euch	wol	zimpt	zuo	dienenn	auff	der	strassen	heißt	alexand	den	fürt	von	dem	land	das	jn	der	künig	nit	mer	sech	von	seinet	wegen	leid	ich	spott	vnd	schande	die	fraw	sprach	het	ich	den	man	gesehen	vnnd	-	-	-	-	wie	er	doch	hat	ein	gestalt	villeicht	möcht	es	-	geschehen	nun	sagt	mir	eins	-	ist	er	jung	oder	alt	der	ritter	sprach	er	ist	-	beyder	massen	sie	kamen	dahin	-	-	-	-	zuo	-	dem	pfluog	-	gegangen	da	sie	der	christen	klag	vernam	sie	waren	hart	gefangen	da	-	sie	zuo	-	alexander	kam	sie	sprach	bruoder	wilt	mit	mir	auff	die	strassen	alexander	sprach	-	-	herre	mein	vn	möchten	jhr	mich	von	dem	pfluog	erlösen	so	wolt	ich	-	ewer	-	diener	sein	wolt	beyde	für	euch	sterben	vnd	genesen	die	frauw	sprach	er	füget	mir	gar	-	eben	der	ritter	löset	jhn	zuohand	er	ward	der	frawen	-	-	an	jhr	hand	gegeben	-	der	heidnisch	ritter	ließ	ein	brieff	bereiten	des	königs	sigel	-	-	daran	-	-	-	gab	darzuo	ein	frey	geleyte	-	-	-	auß	vn	auch	ein	zuom	heiligen	grab	hin	-	über	-	land	vnd	auff	-	dem	-	mör	weite	jr	-	-	-	-	fart	die	-	ward	vollendt	in	kurtzen	zeiten	sie	sprach	zuo	alexandro	gedrat	mein	-	-	bruoder	-	-	du	solt	reiten	so	wolt	ich	gon	hin	inn	die	statt	jhr	seytenspil	henckt	sie	ahn	jhr	seytten	sie	baht	vmb	wein	vnnd	-	-	-	-	auch	vmb	brot	-	das	-	sie	vnnd	alexander	hetten	speise	wan	jnen	thet	des	hungers	not	-	-	-	-	sie	schluog	die	lauten	da	inn	münches	weise	weil	sie	waren	vnder	den	wilden	heyden	sie	-	hetten	einen	guotten	brieff	darumb	jn	beiden	-	nie	geschach	-	-	-	kein	leide	ein	christen	graff	wolt	heim	gen	lande	faren	in	einem	schif	was	schon	-	bereit	sie	-	kamen	-	zuo	jm	daren	die	-	fraw	-	da	-	-	zuo	dem	graffen	seit	lond	vnns	-	-	mit	euch	durch	S	franciscus	ehren	der	graff	der	sprach	ich	wils	euch	nit	versagen	doch	müssen	wir	in	sorgen	stan	vnd	vnser	leben	wagen	wan	wir	vom	künig	kein	geleidt	nit	han	die	frauw	die	sprach	zuom	-	-	-	besten	wöll	wirs	keren	jhrn	brieff	schmeicht	sie	jhm	heimlich	dar	als	ob	jn	-	der	künig	thet	dar	senden	des	-	-	nam	der	-	graff	-	gar	eben	war	dem	schiffherrn	zeigt	er	den	brieff	behende	-	der	schiffher	gund	alls	sein	gesinde	vffwecken	wol	auff	wir	wend	mit	freüden	dran	-	des	künigs	banner	wurden	sie	auffstecken	sie	kamen	vber	mör	nit	grossen	freüden	inn	christenland	ist	mir	wol	kund	da	-	wurden	sie	sich	scheiden	zuom


A1	-	-	-	bot	dem	graffen	-	da	ir	hant	vnd	sprach	O	her	ir	solt	-	mir	-	vrlaubg	geben	der	graff	sprach	herr	ir	söllent	mein	gedencken	do	heim	in	eürem	klösterlein	die	zerung	will	ich	eüch	schenken	die	fraw	die	sprach	das	soll	sein	got	well	-	vnser	aller	-	-	-	pflegen	sy	zugen	biß	gen	metz	zu	hant	das	sy	noch	heten	einen	tag	raise	-	-	-	das	-	sy	alexander	-	nit	erkant	do	wurden	sy	sich	erst	von	ein	ander	schaiden	sy	sprach	bruder	zeüch	-	-	-	-	-	hin	vnd	behüt	dir	got	dein	ere	got	danck	dir	deiner	brüderlich	er	treüe	-	ich	will	den	-	negsten	weg	in	mein	klüsterlein	köerren	alexander	sprach	ich	bit	eüch	lieber	herre	mein	das	ir	-	mit	mir	-	-	wölt	ziechen	heim	ich	beüt	eüch	zucht	vn	ere	vn	mit	den	libsten	freüden	mein	die	fraw	sprach	nain	es	ist	mir	nit	eben	die	frau	sprach	ich	bit	dich	-	-	-	mit	fleisse	mag	es	an	deinen	gnaden	sein	von	deinen	hemde	so	weise	gib	mir	-	-	-	-	-	ein	kleins	stücklein	kumt	es	dar	tzu	ich	wil	dirs	wider	geben	ob	mich	mein	preyel	drib	avs	-	das	ich	im	kloster	gen	ym	werd	verlogen	so	kem	ich	zu	-	dir	in	dein	hauß	so	west	du	wol	das	du	nit	wirst	betrogen	das	wartzeichen	setz	ich	dir	wider	ein	in	deinen	geren	alexander	spr<a>ch	wen	das	geschech	so	wölt	ich	eüch	<b>eraiten	zucht	vnd	ere	alexander	schrib	zwen	briff	geleich	do	nam	sy	urlaub	also	pald	sy	gundt	davon	ym	weichen	vn	zoch	durcq	-	-	-	einen	langen	walt	sy	kanm	gen	mentz	ir	kutten	kund	-	behalten	sy	legt	wider	an	ir	weiplich	claider	sy	frölich	in	ir	haus	-	-	-	-	-	gieng	die	schwiger	was	vnbescheyden	mit	schnelen	w<o>rrten	sy	sy	empfing	die	fraw	die	sprach	wir	wöllens	got	lan	walltten	die	schwiger	sprach	ich	bin	dir	gram	vnd	-	-	mag	dir	nichtz	guts	veryechen	bist	du	gewesen	bey	-	andern	manen	vnd	weist	doch	nit	was	dir	ist	gesechen	kem	alexander	ich	wöltz	ym	-	klagen	dy	frau	die	-	sprach	ich	förcht	mir	nit	wen	ir	ym	-	die	rechten	warheit	saget	-	am	morgen	ward	alexander	kam	geganen	des	nam	die	frau	gar	eben	war	er	ward	gar	schon	enpfangen	die	schwiger	sprach	nvn	aber	da	O	liqer	sun	wa	bistu	-	so	lang	gewesen	-	du	bist	zu	der	reichten	zeit	kumen	wie	wol	ich	dir	der	eren	gan	mich	dunckt	dein	weib	hab	genumen	zu	dir	noch	wol	ein	andern	man	zu	kirchen	noch	zu	strassen	haben	wir	sy	nit	gesechen	das	tun	ich	dir	gar	ofenbar	ich	mag	ir	nichß	gutz	veriechen	zwen	monat	vnd	ein	gantz	iae	hat	sy	-	-	vnser	keins	nie	gesechen	alexander	-	sprach	die	red	laß	pleiben	ich	drau	ich	hab	ein	biders	weibe	das	zeüg	ich	mit
C1	scheiden	-	sie	bot	dem	-	grafen	da	jr	hand	vnd	sprach	O	herr	jr	solt	-	mir	-	vrlaub	geben	der	graff	sprach	,,herre	jr	solt	mein	gedencken	dahem	in	ewrm	kloesterlein	die	-	zerung	wil	ich	euch	schencken	die	fraw	sprach	,,nu	das	sol	sein	got	der	woel	vnser	aller	-	-	-	pflegen	sie	zugen	bis	gen	metz	zuohand	das	sie	-	noch	hetten	-	ein	guote	tagreise	vnd	das	-	sie	-	alexander	-	nit	erkant	do	wurden	sie	sich	erst	von	einander	scheyden	sie	sprach	,,bruoder	zeuch	-	-	-	-	-	-	hin	vnd	behuet	dir	got	dein	ehre	gott	danck	dir	deyner	bruederlichen	trewe	-	ich	wil	den	nechsten	-	-	weg	in	mein	kloesterlein	kere	alexander	sprach	,,ich	bit	euch	lieber	herre	das	jr	-	mit	mir	-	woellet	-	ziehen	heym	-	ich	erbeut	euch	zucht	vnd	ehre	-	mit	den	liebsten	freuden	mein	die	fraw	sprach	,,neyn	es	ist	mir	nit	eben	vnd	saget	jm	,,ich	bit	dich	-	-	-	mit	fleyß	mag	es	an	deynen	gnaden	seyn	so	-	-	-	-	gib	mir	von	deynem	hembd	weiß	gar	ein	kleynes	stuecklin	kumpt	es	darzuo	-	ich	wil	dirs	wider	geben	ob	mich	meyn	prior	wurd	treyben	auß	das	ich	im	kloster	gegen	jm	wurd	verlogen	so	kum	jch	-	zuo	dir	in	dein	hauß	so	sichstu	-	wol	das	du	nit	wirst	begtrogen	das	warzeichen	setz	ich	dir	wider	in	dein	-	geren	alexander	sprach	,,wann	das	geschehe	so	woelte	ich	euch	erbieten	zucht	und	ehre	alexander	schreyb	zwen	brieffen	geleyche	do	nam	sie	vrlaub	also	-	-	bald	sie	begund	da	von	jm	weyche	vnd	zog	durch	eynen	langen	wald	sie	kam	gen	metz	jr	kutten	kund	sie	behalten	vnd	legt	wider	an	jr	-	-	weiblich	kleide	so	froelich	-	sie	in	jr	hauß	-	gieng	die	schwiger	was	vnbescheiden	mit	schnellen	worten	sie	sy	empfieng	die	fraw	die	sprach	,,wir	woellens	got	lan	walten	die	schwiger	sprach	,,ich	bin	dir	gram	vnd	-	-	mag	dir	nichts	guets	veriehen	bistu	-	gewesen	bey	eim	andern	man	vnd	weyst	doch	nit	was	dir	ist	geschehen	kem	alexander	woelt	ich	jms	sagen	-	-	-	die	fraw	sprach	,,ich	fuercht	mir	nit	wann	jr	jm	-	die	rechten	warheyt	thuot	sagen	am	morgen	kam	alexander	gegangen	-	des	nam	die	fraw	gar	eben	war	er	ward	gar	schon	empfangen	die	schwiger	sprach	-	aber	dar	,,O	lieber	herr	-	wo	bist	so	lang	gewesen	-	du	bist	an	der	rechten	zeit	kumen	wiewol	-	ich	dir	der	ehren	gan	mich	dunckt	deyn	weyb	hab	genummen	zuo	dir	noch	wol	ein	andern	man	zuo	kirchen	noch	zuo	strassen	haben	wir	sie	nit	gesehen	das	sag	ich	dir	gar	offenbar	ich	mag	jr	nichts	guots	veriehen	zwen	monat	vnd	ein	-	gantzes	iar	hats	-	-	vnser	keyns	nie	gesehen	alexander	-	sprach	,,die	red	\edtext{laß	bleiben	ich	hoff	ich	hab	ein	biderweib	-	das	zeugt	das	-
E2	-	graffen	sprach	die	fraw	-	zuostund	gnad	herre	mein	got	gebe	euch	seinen	segen	-	der	-	graff	der	sprach	-	-	-	-	jr	sollen	mein	gedencken	daheim	in	ewerm	-	klösterlein	-	zerung	will	ich	euch	schencken	die	fraw	sprach	gnad	herre	mein	mit	-	-	-	vnser	andacht	wöllen	wir	eüwer	pflegen	sie	kamen	schier	gen	metz	zuo	hand	doch	-	-	hetten	sie	ein	tagreiß	dar	zuo	reitten	das	-	-	alexander	sie	nit	kant	sie	sprach	zuo	jm	-	-	-	-	-	-	bruoder	ich	mag	nim	beiten	ich	fahr	da	hin	bewar	-	dir	gott	dein	eeren	gott	danck	der	brüderliche	trew	heim	inn	-	mein	klösterlein	muoß	ich	-	mich	keren	alexander	der	sprach	ich	bitt	-	-	euch	herr	ihr	wöllen	mit	mir	-	ziehen	-	-	heim	-	-	-	ich	beüt	euch	zucht	vnnd	ehre	auch	mit	den	liebsten	freünden	mein	die	frauw	sprach	-	es	füget	mir	nit	eben	doch	will	ich	-	-	dich	ein	sach	bitten	mit	fleisse	mag	es	an	deinem	willen	sein	von	deinem	hemet	weisse	-	gib	mir	-	-	-	-	-	ein	elmessz	stücklein	kompt	es	darzuo	-	ich	soll	dirs	wider	geben	ob	mich	mein	prior	tribe	-	auß	vnd	ich	dieweil	wer	gegen	jm	-	verlogen	-	kum	ich	dann	zuo	dir	in	dein	hauß	so	sehest	-	wol	-	du	werest	vnbetrogen	dz	stuck	-	setz	ich	dir	wider	in	dein	-	geren	alexander	der	sprach	herre	mein	warumb	wolt	ich	euch	nit	der	bitt	geweren	alexander	der	schreib	zween	brieff	geleiche	den	einen	gab	er	jhr	gar	bald	vonn	ander	gundes	welche	sie	reytt	-	-	durch	einen	langen	wald	sie	kam	gen	metz	jr	kutte	thet	sie	behalten	sie	legt	-	an	gar	bald	jhr	weiblich	kleider	mit	freüden	-	-	in	jr	hauß	sie	gieng	jr	schwiger	-	vnbescheiden	mit	schnöden	worten	sie	-	empfieng	die	frawe	sprach	-	wir	wöllens	gott	lan	walten	die	schwiger	sprach	ich	bin	dir	gram	zuo	keinem	guoten	mag	ich	dein	gedencken	fürwar	-	du	hast	ein	-	andern	mann	an	deinen	ehren	hast	dich	lassen	krencken	-	kem	alexander	heim	ich	wolt	jm	klagen	-	-	die	fraw	sprach	ich	förcht	mir	nit	wan	jr	im	nur	die	rechten	warheit	sagen	des	morgens	frü	kam	alexander	gegangen	-	des	nam	die	fraw	gar	eben	war	er	war	gar	schon	empfangen	jhr	schwiger	kam	gegangen	-	dar	sie	sprach	mein	son	wo	bist	so	lang	gewesen	fürwar	du	bist	zuo	rechter	zeit	herkommen	-	wiewol	-	ich	dir	der	eeren	gan	-	-	dein	weib	hat	seid	genommen	des	ich	geenck	ein	andern	man	dan	in	langer	zeit	ists	nit	hie	gewesen	die	schwiger	sprach	-	-	-	gar	offenbar	ich	mag	dir	keines	guoten	nit	verjehen	zwen	monat	un	ein	gantzes	jar	so	hat	dich	vnser	keins	nie	gesehen	alexander	der	sprach	die	red	land	bleiben	ich	hoff	ich	hab	ein	fromes	weibe	das	weiß	ich	mit


A1	dem	hembde	an	meinem	leibe	-	alexanders	freünd	die	kamen	all	gegangen	beide	iung	vnd	dar	tzu	-	alt	er	wanrd	gar	schon	empfangen	ir	-	freüd	die	was	so	manigfalt	sy	-	-	-	wolten	mit	eyn	ander	das	ymbis	essen	dy	-	-	-	-	schwiger	gund	aber	pald	ihechen	welchem	ist	-	-	offenbar	ia	der	sy	hab	gesehen	in	zweien	monaten	vnde	in	eim	gantzen	iar	sy	-	-	-	waren	zu	samen	über	tisch	gesessen	ye	einer	der	sach	den	andern	an	wir	künen	ir	nichtz	-	gutz	-	veriechen	-	ist	sy	gewesen	bey	-	andern	manen	vnd	wissen	-	doch	nit	was	ir	-	ist	-	geschehen	doch	hat	sy	-	vns	an	unsern	eren	geletzt	-	alexander	sprach	ist	es	war	so	sol	man	sy	mit	hunden	aushetzen	die	frau	-	-	stund	-	auff	von	dem	tisch	mit	layde	ir	red	mocht	kein	fürgang	han	sy	legt	wider	an	ir	münchs	kleider	vn	gund	pald	auff	dy	gassen	stan	ir	saitenspil	das	-	ließ	sy	-	laut	erklingen	sy	schlug	dy	lauten	aber	in	münichs	weise	als	sy	vor	dick	het	geton	vmb	brot	vn	auch	vmb	speise	alexander	begund	an	den	laden	stan	er	sprach	ich	hör	mein	lieben	bruder	singen	er	sprach	ir	-	liebsten	fründ	mein	bringen	yn	mir	her	-	mit	grossen	eren	sy	brachten	yn	in	sein	hauß	alexander	sprach	sind	got	wilkumen	bruder	vnd	lieber	here	mein	er	gund	yn	hindern	disch	-	-	-	setzen	er	sprach	got	danck	eüch	brüderlicher	treü	aler	früntschafft	wil	ich	eüch	ergetzen	die	frau	dy	ließ	ir	antlitz	nit	eben	schauen	sy	hing	die	kutten	für	sy	vnd	sprach	bruder	wo	ist	dein	fraw	da	von	du	hast	gesagt	mir	alexander	sprach	sy	-	ist	erst	hye	gesessen	dy	schwiger	-	het	dy	red	gar	pald	vernomen	sy	thet	sy	suchen	in	dem	hauß	sy	wolt	sy	heissen	-	-	-	-	-	kumen	sy	sprach	sy	ist	zwar	aber	hin	auß	zu	allen	eren	müsen	wir	ir	vergesen	sy	ist	zwar	aber	heimlich	hin	weg	ir	tück	dy	wil	sy	doch	nit	-	lassen	sy	waiß	heimlich	prucken	vn	steg	das	sy	doch	nymant	sicht	auff	der	strassen	alexander	sprach	nvn	müß	es	got	reüen	der	edelln	-	fart	die	ich	han	geton	hat	sy	an	mir	verloren	ir	weiplich	dreüe	dy	frau	stund	auff	von	den	tisch	-	vor	yn	allen	vnd	sprach	alexander	du	hast	ein	bider	weib	ir	kuten	ließ	sy	vallen	nvn	schawet	alle	meinen	leib	ich	hoff	ich	sey	bey	meinen	eren	bliben	dy	frau	-	-	-	-	-	-	-	-	-	-	-	-	-	-	-	-	-	-	-	-	-	-	-	-	-	-	-	sprach	alexander	mein	fyl	lieber	herre	das	ist	das	stück	des	hembdes	dein	das	setz	ich	-	wider	in	den	geren	dein	lug	ob	das	der	brieff	müg	sein	den	du	mit	deinen	henden	hast	geschriben	so	ist	das	deß
C1	-	hembd	an	meinem	leibe	-	alexanders	freund	-	kamen	all	gegangen	beyde	iunge	vnd	dazuo	-	-	alt	er	ward	gar	schon	empfangen	jr	freud	-	-	was	so	manigfalt	-	-	-	sie	wolten	mit	einanander	jr	das	ymmiß	essen	-	-	-	-	die	schwiger	begund	aber	bald	iehen	,,welchem	ist	es	-	offenbar	ia	der	sie	hab	gesehen	in	zweyen	monaten	vnd	eynem	-	gantzen	jar	-	-	-	die	waren	zusamen	vber	tisch	-	gesessen	eyner	-	-	sach	den	andern	an	,,wir	kuennen	jr	-	nichts	guots	-	veriehen	sie	ist	-	gewesen	bey	eym	andern	man	vnd	wissen	-	doch	nit	was	jr	-	ist	-	geschehen	doch	hat	sie	-	vns	an	-	vnsern	ehren	geletzet	alexander	sprach	,,ist	es	ware	so	sol	man	sie	mit	hunden	außhetzen	-	die	fraw	die	stund	-	auff	von	dem	tisch	mit	leide	jr	red	mocht	keinen	fuergang	han	sie	legt	wider	an	jr	muenichs	kleide	vnd	begunt	bald	auff	die	gassen	stan	jr	seytenspil	das	-	ließ	sie	wol	-	erklingen	sie	schluog	die	lauten	aber	in	muenichs	weyse	als	sie	vor	dick	het	gethan	vmb	brot	vnd	auch	vmb	speyse	alexander	begund	an	eynen	laden	stan	er	sprach	,,ich	hor	meynen	lieben	bruder	singen	er	sprach	,,jr	aller	liebsten	freunde	meyn	pringt	-	mir	jn	hereyn	mit	grossen	ehren	sie	prachten	jn	in	seyn	hauß	hineyn	alexander	sprach	,,seyt	got	wilkummen	-	lieber	herre	er	begund	jn	hinter	den	tisch	zuo	-	-	setzen	er	sprach	,,got	danck	euch	bruederlicher	trew	der	freuntschafft	wil	ich	euch	ergetzen	die	fraw	die	ließ	jr	antlitz	nit	eben	schawen	sie	hencket	die	kutten	eben	fuer	sie	sprach	,,bruoder	wo	ist	deyn	frawe	dauon	-	du	hast	gesaget	mir	alexander	der	sprach	,,sie	ist	erst	hie	gesessen	die	schwiger	die	het	die	red	vernumen	-	-	sie	thet	sie	suchen	in	dem	hauß	-	-	-	-	-	sie	wolt	sie	heyssen	kumen	vnd	sprach	,,sie	ist	zwar	aber	hynauß	zuo	-	allen	ehren	muoß	man	jr	vergessen	sie	ist	zwar	aber	heymlich	hinweg	jr	tueck	wil	sie	niht	-	-	-	-	lassen	sie	weiß	heimlich	weg	vnd	steg	das	sie	doch	niemant	sich	auff	der	strassen	alexander	sprach	,,nu	muoß	mich	rewen	mein	farte	-	-	-	die	ich	hab	gethan	hat	sie	an	mir	verlorn	jr	weyblich	trewe	die	fraw	stund	auff	von	dem	tisch	-	vor	jn	allen	vnd	-	-	-	-	-	-	-	-	-	-	-	-	-	-	-	-	-	-	-	-	-	-	-	-	-	-	sprach	-	,,alexander	du	hast	eyn	biderweyb	jr	kutten	ließ	sie	fallen	,,nun	schawet	alle	den	meynen	leyb	ich	hoff	ich	sey	bey	meynen	ehren	beliben	die	fraw	sprach	,,alexander	meyn	vil	lieber	herre	das	ist	das	stueck	des	hembdes	dein	das	setz	ich	dir	wider	in	deynen	geren	luog	-	ob	das	der	brieff	mag	seyn	den	du	mit	deynen	henden	hast	geschriben	so	ist	das	des
E2	dem	hembd	an	meinen	leibe	des	alexanders	fründ	-	kamen	-	gegangen	heim	in	sein	hauß	jung	vn	alt	von	jhn	ward	er	empfangen	jhr	aller	freüd	-	was	-	manigfalt	das	mal	begunden	sie	da	mit	jm	-	-	-	essen	ob	tisch	da	fieng	die	schwiger	an	gedrate	-	-	-	ist	ewer	keinem	offenbar	-	der	sie	gesehen	hatte	inn	zwen	monat	vnd	ein	-	-	jar	ich	frag	all	die	ob	-	-	tisch	seind	gesessen	ye	einer	-	sach	den	andern	an	jhr	keiner	kundt	dar	-	wider	nichts	-	jehen	die	schwiger	sprach	ich	bin	jr	gram	es	weißt	niemandt	-	-	was	jr	doch	-	sey	geschehen	-	-	sie	thuot	vns	all	ahn	vnsern	ehren	letzen	alexander	sprach	ist	es	war	so	laß	ich	sie	mit	hunden	auß	hetzen	die	frau	stuond	vom	tisch	auff	inn	grossem	leidt	jhr	-	-	red	möcht	kein	fürgang	han	legt	-	-	an	jhr	münches	kleidt	hin	-	-	auff	die	gaß	begund	sie	gan	jhr	seitenspil	ließ	sie	gar	laut	erklingen	sie	schluog	die	lauten	da	in	münches	weise	als	sie	vormals	mee	hett	gethon	vmb	brot	vn	auch	vmb	speise	alexander	begundt	auffstohn	-	-	-	er	sprach	ich	hör	mein	lieben	bruoder	singen	er	sprach	jr	-	liebsten	freünde	meinen	bruoder	solt	jr	bieten	zuht	vnd	eere	-	sie	brachten	jhn	ins	-	hauß	hinein	alexander	sprach	wilkom	-	-	-	lieber	herre	hinder	-	-	-	den	tisch	begundt	er	sich	setzen	alexander	sprach	bruoder	mein	hie	wöll	wir	vns	all	vnsers	leids	-	ergetzen	jhr	angesicht	-	ließ	sie	nicht	klärlich	-	schawen	-	-	die	kutten	zoch	sie	eben	für	bruoder	wo	ist	dein	frawe	von	der	du	hast	gesaget	mir	er	sprach	mein	fraw	ist	erst	da	gesessen	jhr	schwiger	-	het	die	rede	bald	-	vernomen	sie	thet	sie	suochen	in	dem	hauß	man	solt	sie	heissen	kommen	sie	-	-	-	-	-	sprach	sie	ist	aber	hinaus	zuon	-	-	allen	ehren	muoß	man	jhr	vergessen	sie	ist	aber	heimlich	-	hinweg	jhr	-	tück	mag	sie	-	-	nit	vnderwegen	lassen	sie	weißt	heimlich	burg	vnd	steg	dz	sie	niemand	mag	sehen	auff	der	strassen	alexand	sprach	damit	grossem	-	rewen	o	wee	der	jemerlichen	fart	hatt	sie	ahn	mir	gebrochen	jre	trewen	-	-	-	-	-	die	fraw	stuond	auff	vom	-	tisch	da	vor	jn	allen	sie	sprach	du	hast	-	ein	bider	weib	die	kutten	ließ	sie	fallen	sie	sprach	beschauwen	meinen	leib	mit	gottes	hilff	ist	mir	mein	ehr	bliben	sie	sprach	zuo	alexander	jrem	herren	-	-	-	-	-	-	-	-	-	-	-	-	-	-	-	-	-	-	-	-	-	-	-	-	-	-	-	-	-	das	ist	das	stuck	vom	hembde	dein	sie	satzt	jms	-	-	in	den	geren	nun	schaw	ob	dz	der	brieff	mög	sein	den	du	mit	dein	henden	hast	geschriben	so	ist	das	auch


A1	künigs	brif	-	den	vns	der	riter	bey	dem	pflug	hat	geben	do	ich	in	grossen	nöten	liff	biß	-	ich	dir	-	-	hab	gefrist	-	-	dein	edels	leben	dy	solt	du	lesen	hie	gar	offenbare	so	hören	sy	wa	ich	bin	gewesen	-	dy	zwen	monat	vnd	das	gantz	iare	-	-	-	alexander	was	al	da	bescheiden	er	-	las	dy	-	brif	bis	-	an	das	end	sein	freünd	dy	komen	in	freüden	do	hieß	er	sein	muter	-	behende	-	-	das	sy	ir	brecht	ir	aler	besten	kleider	alexander	sprach	got	danck	dir	liebe	fraw	-	-	-	-	-	-	-	-	-	mein	in	grossen	früden	ist	das	hertze	mein	er	begund	sy	zu	ym	setzen	er	sprach	ich	wil	dir	underdenig	-	sein	dy	weill	ich	leb	so	wil	ich	dichs	ergetzen	-	-	-	-	-	-	-	was	ich	-	sag	-	das	ist	war	dye	dingk	seind	alle	do	geschehen	sagett	mir	dy	geschrifft	-	-	offenbar	zu	metz	lat	man	das	hemdt	sechen	-	vnd	dy	kuten	-	bey	ir	beder	grabe	ir	iar	getzeit	-	-	-	man	frölich	-	begat	iungk	vnd	alt	dy	feyrent	iren	tag
C1	kuenigs	-	brieff	den	vns	der	ritter	bey	dem	pfluog	hat	geben	do	ich	in	grossen	noeten	lieff	bis	ich	-	-	gefrist	-	-	-	-	hab	deyn	edels	leben	die	soltu	-	lesen	hie	gar	offenbar	so	hoern	sie	wo	ich	bin	gewesen	-	die	zwen	monat	vnd	ein	gantzes	iar	%dreifache	versicherung	diagrammatisch	alexander	was	alda	bescheyden	er	-	laß	die	brieff	-	-	bis	-	an	das	end	seyn	freund	die	kamen	in	freude	do	hieß	er	seyn	-	-	-	muotter	behend	das	sie	precht	jr	aller	bestes	kleyde	-	alexander	sprach	,,gott	danck	dir	liebe	-	frawe	meyn	-	-	-	-	-	-	-	-	-	-	-	-	-	-	-	er	begund	sie	zuo	jm	setzen	er	sprach	,,ich	will	dir	vnterthenig	seyn	dieweyl	-	-	ich	leb	so	will	ich	dichs	ergetzen	sie	lebten	mit	eynander	in	grosser	freude	was	ich	-	sag	vnd	das	ist	war	die	ding	seyn	alle	-	geschehen	sagt	vns	-	die	schrifft	gar	offenbar	zuo	metz	leßt	man	das	hembde	-	sehen	vnd	die	kutten	-	bey	jr	beyder	grabe	jr	jarzeyt	-	-	-	-	man	gar	froelich	begat	iung	vnd	alt	feyren	jre	tage	-
E2	des	küniges	brieff	den	vns	der	ritter	bey	dem	pfluog	hat	geben	da	ich	in	grossen	nöten	lieff	biß	das	-	ich	-	dir	-	-	gefristet	hab	dein	-	leben	den	solt	du	lesen	hie	gar	offenbar	so	hörens	-	wo	ich	-	gewesen	bin	-	zween	monat	vnd	ein	gantzes	jare	-	-	-	alexander	wz	nit	vnbescheiden	den	-	-	-	brieff	laß	-	er	biß	an	dz	ende	seine	freünd	-	kamen	mit	freüden	er	sprach	zuo	der	muotter	so	behende	muotter	du	solt	mein	weib	nit	mer	letzen	gescheh	es	mer	es	wurde	dich	gerewen	er	sprach	-	zart	liebste	frawe	mein	ich	gib	dir	das	mein	trewen	-	-	-	-	-	-	-	-	-	-	-	-	-	-	ich	will	dein	stetter	diener	sein	vn	will	dich	deiner	grossen	trew	-	-	ergetzen	-	-	-	-	-	-	-	was	ich	eüch	sag	-	das	ist	war	die	ding	seind	warlichen	so	geschehen	-	vns	weiße	die	schrifft	gar	offenbar	zuo	metz	laßt	man	das	hembd	vnd	-	-	-	kutten	sehen	bey	jrem	grab	das	sag	ich	eüch	fürwar	jhr	jarzeit	man	ehrlich	begaht	jung	vnnd	-	alt	feyren	jhren	tagen	-

